Code,Organisation,REGION,Commissioning Region Name,AREA TEAM,
R1A,WORCESTERSHIRE HEALTH AND CARE NHS TRUST,Y55,MIDLANDS AND EAST OF ENGLAND COMMISSIONING REGION,Q53,"ARDEN, HEREFORDSHIRE AND WORCESTERSHIRE AREA TEAM"
R1C,SOLENT NHS TRUST,Y57,SOUTH OF ENGLAND COMMISSIONING REGION,Q70,WESSEX AREA TEAM
R1D,SHROPSHIRE COMMUNITY HEALTH NHS TRUST,Y55,MIDLANDS AND EAST OF ENGLAND COMMISSIONING REGION,Q60,SHROPSHIRE AND STAFFORDSHIRE AREA TEAM
R1E,STAFFORDSHIRE AND STOKE ON TRENT PARTNERSHIP NHS TRUST,Y55,MIDLANDS AND EAST OF ENGLAND COMMISSIONING REGION,Q60,SHROPSHIRE AND STAFFORDSHIRE AREA TEAM
R1F,ISLE OF WIGHT NHS TRUST,Y57,SOUTH OF ENGLAND COMMISSIONING REGION,Q70,WESSEX AREA TEAM
R1G,TORBAY AND SOUTHERN DEVON HEALTH AND CARE NHS TRUST,Y57,SOUTH OF ENGLAND COMMISSIONING REGION,Q66,"DEVON, CORNWALL AND ISLES OF SCILLY AREA TEAM"
R1H,BARTS HEALTH NHS TRUST,Y56,LONDON COMMISSIONING REGION,Q71,LONDON AREA TEAM
R1J,THE GLOUCESTERSHIRE CARE SERVICES NATIONAL HEALTH SERVICE TRUST,Y57,SOUTH OF ENGLAND COMMISSIONING REGION,Q64,"BATH, GLOUCESTERSHIRE, SWINDON AND WILTSHIRE AREA TEAM"
RA2,ROYAL SURREY COUNTY HOSPITAL NHS FOUNDATION TRUST,Y57,SOUTH OF ENGLAND COMMISSIONING REGION,Q68,SURREY AND SUSSEX AREA TEAM
RA3,WESTON AREA HEALTH NHS TRUST,Y57,SOUTH OF ENGLAND COMMISSIONING REGION,Q65,"BRISTOL, NORTH SOMERSET, SOMERSET AND SOUTH GLOUCESTERSHIRE AREA TEAM"
RA4,YEOVIL DISTRICT HOSPITAL NHS FOUNDATION TRUST,Y57,SOUTH OF ENGLAND COMMISSIONING REGION,Q65,"BRISTOL, NORTH SOMERSET, SOMERSET AND SOUTH GLOUCESTERSHIRE AREA TEAM"
RA7,UNIVERSITY HOSPITALS BRISTOL NHS FOUNDATION TRUST,Y57,SOUTH OF ENGLAND COMMISSIONING REGION,Q65,"BRISTOL, NORTH SOMERSET, SOMERSET AND SOUTH GLOUCESTERSHIRE AREA TEAM"
RA9,SOUTH DEVON HEALTHCARE NHS FOUNDATION TRUST,Y57,SOUTH OF ENGLAND COMMISSIONING REGION,Q66,"DEVON, CORNWALL AND ISLES OF SCILLY AREA TEAM"
RAE,BRADFORD TEACHING HOSPITALS NHS FOUNDATION TRUST,Y54,NORTH OF ENGLAND COMMISSIONING REGION,Q52,WEST YORKSHIRE AREA TEAM
RAJ,SOUTHEND UNIVERSITY HOSPITAL NHS FOUNDATION TRUST,Y55,MIDLANDS AND EAST OF ENGLAND COMMISSIONING REGION,Q57,ESSEX AREA TEAM
RAL,ROYAL FREE LONDON NHS FOUNDATION TRUST,Y56,LONDON COMMISSIONING REGION,Q71,LONDON AREA TEAM
RAN,ROYAL NATIONAL ORTHOPAEDIC HOSPITAL NHS TRUST,Y56,LONDON COMMISSIONING REGION,Q71,LONDON AREA TEAM
RAP,NORTH MIDDLESEX UNIVERSITY HOSPITAL NHS TRUST,Y56,LONDON COMMISSIONING REGION,Q71,LONDON AREA TEAM
RAS,THE HILLINGDON HOSPITALS NHS FOUNDATION TRUST,Y56,LONDON COMMISSIONING REGION,Q71,LONDON AREA TEAM
RAT,NORTH EAST LONDON NHS FOUNDATION TRUST,Y56,LONDON COMMISSIONING REGION,Q71,LONDON AREA TEAM
RAX,KINGSTON HOSPITAL NHS FOUNDATION TRUST,Y56,LONDON COMMISSIONING REGION,Q71,LONDON AREA TEAM
RBA,TAUNTON AND SOMERSET NHS FOUNDATION TRUST,Y57,SOUTH OF ENGLAND COMMISSIONING REGION,Q65,"BRISTOL, NORTH SOMERSET, SOMERSET AND SOUTH GLOUCESTERSHIRE AREA TEAM"
RBB,ROYAL NATIONAL HOSPITAL FOR RHEUMATIC DISEASES NHS FOUNDATION TRUST,Y57,SOUTH OF ENGLAND COMMISSIONING REGION,Q64,"BATH, GLOUCESTERSHIRE, SWINDON AND WILTSHIRE AREA TEAM"
RBD,DORSET COUNTY HOSPITAL NHS FOUNDATION TRUST,Y57,SOUTH OF ENGLAND COMMISSIONING REGION,Q70,WESSEX AREA TEAM
RBK,WALSALL HEALTHCARE NHS TRUST,Y55,MIDLANDS AND EAST OF ENGLAND COMMISSIONING REGION,Q54,BIRMINGHAM AND THE BLACK COUNTRY AREA TEAM
RBL,WIRRAL UNIVERSITY TEACHING HOSPITAL NHS FOUNDATION TRUST,Y54,NORTH OF ENGLAND COMMISSIONING REGION,Q44,"CHESHIRE, WARRINGTON AND WIRRAL AREA TEAM"
RBN,ST HELENS AND KNOWSLEY HOSPITALS NHS TRUST,Y54,NORTH OF ENGLAND COMMISSIONING REGION,Q48,MERSEYSIDE AREA TEAM
RBQ,LIVERPOOL HEART AND CHEST HOSPITAL NHS FOUNDATION TRUST,Y54,NORTH OF ENGLAND COMMISSIONING REGION,Q48,MERSEYSIDE AREA TEAM
RBS,ALDER HEY CHILDREN'S NHS FOUNDATION TRUST,Y54,NORTH OF ENGLAND COMMISSIONING REGION,Q48,MERSEYSIDE AREA TEAM
RBT,MID CHESHIRE HOSPITALS NHS FOUNDATION TRUST,Y54,NORTH OF ENGLAND COMMISSIONING REGION,Q44,"CHESHIRE, WARRINGTON AND WIRRAL AREA TEAM"
RBV,THE CHRISTIE NHS FOUNDATION TRUST,Y54,NORTH OF ENGLAND COMMISSIONING REGION,Q46,GREATER MANCHESTER AREA TEAM
RBZ,NORTHERN DEVON HEALTHCARE NHS TRUST,Y57,SOUTH OF ENGLAND COMMISSIONING REGION,Q66,"DEVON, CORNWALL AND ISLES OF SCILLY AREA TEAM"
RC1,BEDFORD HOSPITAL NHS TRUST,Y55,MIDLANDS AND EAST OF ENGLAND COMMISSIONING REGION,Q58,HERTFORDSHIRE AND THE SOUTH MIDLANDS AREA TEAM
RC3,EALING HOSPITAL NHS TRUST,Y56,LONDON COMMISSIONING REGION,Q71,LONDON AREA TEAM
RC9,LUTON AND DUNSTABLE UNIVERSITY HOSPITAL NHS FOUNDATION TRUST,Y55,MIDLANDS AND EAST OF ENGLAND COMMISSIONING REGION,Q58,HERTFORDSHIRE AND THE SOUTH MIDLANDS AREA TEAM
RCB,YORK TEACHING HOSPITAL NHS FOUNDATION TRUST,Y54,NORTH OF ENGLAND COMMISSIONING REGION,Q50,NORTH YORKSHIRE AND HUMBER AREA TEAM
RCC,SCARBOROUGH AND NORTH EAST YORKSHIRE HEALTH CARE NHS TRUST,Y51,THE NORTH MIDLANDS AND EAST PROGRAMME FOR IT (NMEPFIT),Q32,YORKSHIRE AND THE HUMBER STRATEGIC HEALTH AUTHORITY
RCD,HARROGATE AND DISTRICT NHS FOUNDATION TRUST,Y54,NORTH OF ENGLAND COMMISSIONING REGION,Q50,NORTH YORKSHIRE AND HUMBER AREA TEAM
RCF,AIREDALE NHS FOUNDATION TRUST,Y54,NORTH OF ENGLAND COMMISSIONING REGION,Q52,WEST YORKSHIRE AREA TEAM
RCU,SHEFFIELD CHILDREN'S NHS FOUNDATION TRUST,Y54,NORTH OF ENGLAND COMMISSIONING REGION,Q51,SOUTH YORKSHIRE AND BASSETLAW AREA TEAM
RCX,"THE QUEEN ELIZABETH HOSPITAL, KING'S LYNN, NHS FOUNDATION TRUST",Y55,MIDLANDS AND EAST OF ENGLAND COMMISSIONING REGION,Q56,EAST ANGLIA AREA TEAM
RD1,ROYAL UNITED HOSPITAL BATH NHS TRUST,Y57,SOUTH OF ENGLAND COMMISSIONING REGION,Q64,"BATH, GLOUCESTERSHIRE, SWINDON AND WILTSHIRE AREA TEAM"
RD3,POOLE HOSPITAL NHS FOUNDATION TRUST,Y57,SOUTH OF ENGLAND COMMISSIONING REGION,Q70,WESSEX AREA TEAM
RD7,HEATHERWOOD AND WEXHAM PARK HOSPITALS NHS FOUNDATION TRUST,Y57,SOUTH OF ENGLAND COMMISSIONING REGION,Q69,THAMES VALLEY AREA TEAM
RD8,MILTON KEYNES HOSPITAL NHS FOUNDATION TRUST,Y55,MIDLANDS AND EAST OF ENGLAND COMMISSIONING REGION,Q58,HERTFORDSHIRE AND THE SOUTH MIDLANDS AREA TEAM
RDD,BASILDON AND THURROCK UNIVERSITY HOSPITALS NHS FOUNDATION TRUST,Y55,MIDLANDS AND EAST OF ENGLAND COMMISSIONING REGION,Q57,ESSEX AREA TEAM
RDE,COLCHESTER HOSPITAL UNIVERSITY NHS FOUNDATION TRUST,Y55,MIDLANDS AND EAST OF ENGLAND COMMISSIONING REGION,Q57,ESSEX AREA TEAM
RDR,SUSSEX COMMUNITY NHS TRUST,Y57,SOUTH OF ENGLAND COMMISSIONING REGION,Q68,SURREY AND SUSSEX AREA TEAM
RDU,FRIMLEY PARK HOSPITAL NHS FOUNDATION TRUST,Y57,SOUTH OF ENGLAND COMMISSIONING REGION,Q68,SURREY AND SUSSEX AREA TEAM
RDY,DORSET HEALTHCARE UNIVERSITY NHS FOUNDATION TRUST,Y57,SOUTH OF ENGLAND COMMISSIONING REGION,Q70,WESSEX AREA TEAM
RDZ,THE ROYAL BOURNEMOUTH AND CHRISTCHURCH HOSPITALS NHS FOUNDATION TRUST,Y57,SOUTH OF ENGLAND COMMISSIONING REGION,Q70,WESSEX AREA TEAM
RE9,SOUTH TYNESIDE NHS FOUNDATION TRUST,Y54,NORTH OF ENGLAND COMMISSIONING REGION,Q49,"CUMBRIA, NORTHUMBERLAND, TYNE AND WEAR AREA TEAM"
REF,ROYAL CORNWALL HOSPITALS NHS TRUST,Y57,SOUTH OF ENGLAND COMMISSIONING REGION,Q66,"DEVON, CORNWALL AND ISLES OF SCILLY AREA TEAM"
REM,AINTREE UNIVERSITY HOSPITAL NHS FOUNDATION TRUST,Y54,NORTH OF ENGLAND COMMISSIONING REGION,Q48,MERSEYSIDE AREA TEAM
REN,THE CLATTERBRIDGE CANCER CENTRE NHS FOUNDATION TRUST,Y54,NORTH OF ENGLAND COMMISSIONING REGION,Q44,"CHESHIRE, WARRINGTON AND WIRRAL AREA TEAM"
REP,LIVERPOOL WOMEN'S NHS FOUNDATION TRUST,Y54,NORTH OF ENGLAND COMMISSIONING REGION,Q48,MERSEYSIDE AREA TEAM
RET,THE WALTON CENTRE NHS FOUNDATION TRUST,Y54,NORTH OF ENGLAND COMMISSIONING REGION,Q48,MERSEYSIDE AREA TEAM
RF4,"BARKING, HAVERING AND REDBRIDGE UNIVERSITY HOSPITALS NHS TRUST",Y56,LONDON COMMISSIONING REGION,Q71,LONDON AREA TEAM
RFF,BARNSLEY HOSPITAL NHS FOUNDATION TRUST,Y54,NORTH OF ENGLAND COMMISSIONING REGION,Q51,SOUTH YORKSHIRE AND BASSETLAW AREA TEAM
RFR,THE ROTHERHAM NHS FOUNDATION TRUST,Y54,NORTH OF ENGLAND COMMISSIONING REGION,Q51,SOUTH YORKSHIRE AND BASSETLAW AREA TEAM
RFS,CHESTERFIELD ROYAL HOSPITAL NHS FOUNDATION TRUST,Y55,MIDLANDS AND EAST OF ENGLAND COMMISSIONING REGION,Q55,DERBYSHIRE AND NOTTINGHAMSHIRE AREA TEAM
RFW,WEST MIDDLESEX UNIVERSITY HOSPITAL NHS TRUST,Y56,LONDON COMMISSIONING REGION,Q71,LONDON AREA TEAM
RGD,LEEDS AND YORK PARTNERSHIP NHS FOUNDATION TRUST,Y54,NORTH OF ENGLAND COMMISSIONING REGION,Q52,WEST YORKSHIRE AREA TEAM
RGM,PAPWORTH HOSPITAL NHS FOUNDATION TRUST,Y55,MIDLANDS AND EAST OF ENGLAND COMMISSIONING REGION,Q56,EAST ANGLIA AREA TEAM
RGN,PETERBOROUGH AND STAMFORD HOSPITALS NHS FOUNDATION TRUST,Y55,MIDLANDS AND EAST OF ENGLAND COMMISSIONING REGION,Q56,EAST ANGLIA AREA TEAM
RGP,JAMES PAGET UNIVERSITY HOSPITALS NHS FOUNDATION TRUST,Y55,MIDLANDS AND EAST OF ENGLAND COMMISSIONING REGION,Q56,EAST ANGLIA AREA TEAM
RGQ,IPSWICH HOSPITAL NHS TRUST,Y55,MIDLANDS AND EAST OF ENGLAND COMMISSIONING REGION,Q56,EAST ANGLIA AREA TEAM
RGR,WEST SUFFOLK NHS FOUNDATION TRUST,Y55,MIDLANDS AND EAST OF ENGLAND COMMISSIONING REGION,Q56,EAST ANGLIA AREA TEAM
RGT,CAMBRIDGE UNIVERSITY HOSPITALS NHS FOUNDATION TRUST,Y55,MIDLANDS AND EAST OF ENGLAND COMMISSIONING REGION,Q56,EAST ANGLIA AREA TEAM
RH5,SOMERSET PARTNERSHIP NHS FOUNDATION TRUST,Y57,SOUTH OF ENGLAND COMMISSIONING REGION,Q65,"BRISTOL, NORTH SOMERSET, SOMERSET AND SOUTH GLOUCESTERSHIRE AREA TEAM"
RH8,ROYAL DEVON AND EXETER NHS FOUNDATION TRUST,Y57,SOUTH OF ENGLAND COMMISSIONING REGION,Q66,"DEVON, CORNWALL AND ISLES OF SCILLY AREA TEAM"
RHA,NOTTINGHAMSHIRE HEALTHCARE NHS TRUST,Y55,MIDLANDS AND EAST OF ENGLAND COMMISSIONING REGION,Q55,DERBYSHIRE AND NOTTINGHAMSHIRE AREA TEAM
RHM,UNIVERSITY HOSPITAL SOUTHAMPTON NHS FOUNDATION TRUST,Y57,SOUTH OF ENGLAND COMMISSIONING REGION,Q70,WESSEX AREA TEAM
RHQ,SHEFFIELD TEACHING HOSPITALS NHS FOUNDATION TRUST,Y54,NORTH OF ENGLAND COMMISSIONING REGION,Q51,SOUTH YORKSHIRE AND BASSETLAW AREA TEAM
RHU,PORTSMOUTH HOSPITALS NHS TRUST,Y57,SOUTH OF ENGLAND COMMISSIONING REGION,Q70,WESSEX AREA TEAM
RHW,ROYAL BERKSHIRE NHS FOUNDATION TRUST,Y57,SOUTH OF ENGLAND COMMISSIONING REGION,Q69,THAMES VALLEY AREA TEAM
RHX,OXFORDSHIRE LEARNING DISABILITY NHS TRUST,Y52,THE SOUTHERN PROGRAMME FOR IT (SPFIT),Q38,SOUTH CENTRAL STRATEGIC HEALTH AUTHORITY
RJ1,GUY'S AND ST THOMAS' NHS FOUNDATION TRUST,Y56,LONDON COMMISSIONING REGION,Q71,LONDON AREA TEAM
RJ2,LEWISHAM HEALTHCARE NHS TRUST,Y56,LONDON COMMISSIONING REGION,Q71,LONDON AREA TEAM
RJ6,CROYDON HEALTH SERVICES NHS TRUST,Y56,LONDON COMMISSIONING REGION,Q71,LONDON AREA TEAM
RJ7,ST GEORGE'S HEALTHCARE NHS TRUST,Y56,LONDON COMMISSIONING REGION,Q71,LONDON AREA TEAM
RJ8,CORNWALL PARTNERSHIP NHS FOUNDATION TRUST,Y57,SOUTH OF ENGLAND COMMISSIONING REGION,Q66,"DEVON, CORNWALL AND ISLES OF SCILLY AREA TEAM"
RJC,SOUTH WARWICKSHIRE NHS FOUNDATION TRUST,Y55,MIDLANDS AND EAST OF ENGLAND COMMISSIONING REGION,Q53,"ARDEN, HEREFORDSHIRE AND WORCESTERSHIRE AREA TEAM"
RJD,MID STAFFORDSHIRE NHS FOUNDATION TRUST,Y55,MIDLANDS AND EAST OF ENGLAND COMMISSIONING REGION,Q60,SHROPSHIRE AND STAFFORDSHIRE AREA TEAM
RJE,UNIVERSITY HOSPITAL OF NORTH STAFFORDSHIRE NHS TRUST,Y55,MIDLANDS AND EAST OF ENGLAND COMMISSIONING REGION,Q60,SHROPSHIRE AND STAFFORDSHIRE AREA TEAM
RJF,BURTON HOSPITALS NHS FOUNDATION TRUST,Y55,MIDLANDS AND EAST OF ENGLAND COMMISSIONING REGION,Q60,SHROPSHIRE AND STAFFORDSHIRE AREA TEAM
RJL,NORTHERN LINCOLNSHIRE AND GOOLE HOSPITALS NHS FOUNDATION TRUST,Y54,NORTH OF ENGLAND COMMISSIONING REGION,Q50,NORTH YORKSHIRE AND HUMBER AREA TEAM
RJN,EAST CHESHIRE NHS TRUST,Y54,NORTH OF ENGLAND COMMISSIONING REGION,Q44,"CHESHIRE, WARRINGTON AND WIRRAL AREA TEAM"
RJR,COUNTESS OF CHESTER HOSPITAL NHS FOUNDATION TRUST,Y54,NORTH OF ENGLAND COMMISSIONING REGION,Q44,"CHESHIRE, WARRINGTON AND WIRRAL AREA TEAM"
RJX,CALDERSTONES PARTNERSHIP NHS FOUNDATION TRUST,Y54,NORTH OF ENGLAND COMMISSIONING REGION,Q47,LANCASHIRE AREA TEAM
RJZ,KING'S COLLEGE HOSPITAL NHS FOUNDATION TRUST,Y56,LONDON COMMISSIONING REGION,Q71,LONDON AREA TEAM
RK5,SHERWOOD FOREST HOSPITALS NHS FOUNDATION TRUST,Y55,MIDLANDS AND EAST OF ENGLAND COMMISSIONING REGION,Q55,DERBYSHIRE AND NOTTINGHAMSHIRE AREA TEAM
RK9,PLYMOUTH HOSPITALS NHS TRUST,Y57,SOUTH OF ENGLAND COMMISSIONING REGION,Q66,"DEVON, CORNWALL AND ISLES OF SCILLY AREA TEAM"
RKB,UNIVERSITY HOSPITALS COVENTRY AND WARWICKSHIRE NHS TRUST,Y55,MIDLANDS AND EAST OF ENGLAND COMMISSIONING REGION,Q53,"ARDEN, HEREFORDSHIRE AND WORCESTERSHIRE AREA TEAM"
RKE,THE WHITTINGTON HOSPITAL NHS TRUST,Y56,LONDON COMMISSIONING REGION,Q71,LONDON AREA TEAM
RKL,WEST LONDON MENTAL HEALTH NHS TRUST,Y56,LONDON COMMISSIONING REGION,Q71,LONDON AREA TEAM
RL1,THE ROBERT JONES AND AGNES HUNT ORTHOPAEDIC HOSPITAL NHS FOUNDATION TRUST,Y55,MIDLANDS AND EAST OF ENGLAND COMMISSIONING REGION,Q60,SHROPSHIRE AND STAFFORDSHIRE AREA TEAM
RL4,THE ROYAL WOLVERHAMPTON NHS TRUST,Y55,MIDLANDS AND EAST OF ENGLAND COMMISSIONING REGION,Q54,BIRMINGHAM AND THE BLACK COUNTRY AREA TEAM
RLN,CITY HOSPITALS SUNDERLAND NHS FOUNDATION TRUST,Y54,NORTH OF ENGLAND COMMISSIONING REGION,Q49,"CUMBRIA, NORTHUMBERLAND, TYNE AND WEAR AREA TEAM"
RLQ,WYE VALLEY NHS TRUST,Y55,MIDLANDS AND EAST OF ENGLAND COMMISSIONING REGION,Q53,"ARDEN, HEREFORDSHIRE AND WORCESTERSHIRE AREA TEAM"
RLT,GEORGE ELIOT HOSPITAL NHS TRUST,Y55,MIDLANDS AND EAST OF ENGLAND COMMISSIONING REGION,Q53,"ARDEN, HEREFORDSHIRE AND WORCESTERSHIRE AREA TEAM"
RLU,BIRMINGHAM WOMEN'S NHS FOUNDATION TRUST,Y55,MIDLANDS AND EAST OF ENGLAND COMMISSIONING REGION,Q54,BIRMINGHAM AND THE BLACK COUNTRY AREA TEAM
RLY,NORTH STAFFORDSHIRE COMBINED HEALTHCARE NHS TRUST,Y55,MIDLANDS AND EAST OF ENGLAND COMMISSIONING REGION,Q60,SHROPSHIRE AND STAFFORDSHIRE AREA TEAM
RM1,NORFOLK AND NORWICH UNIVERSITY HOSPITALS NHS FOUNDATION TRUST,Y55,MIDLANDS AND EAST OF ENGLAND COMMISSIONING REGION,Q56,EAST ANGLIA AREA TEAM
RM2,UNIVERSITY HOSPITAL OF SOUTH MANCHESTER NHS FOUNDATION TRUST,Y54,NORTH OF ENGLAND COMMISSIONING REGION,Q46,GREATER MANCHESTER AREA TEAM
RM3,SALFORD ROYAL NHS FOUNDATION TRUST,Y54,NORTH OF ENGLAND COMMISSIONING REGION,Q46,GREATER MANCHESTER AREA TEAM
RMC,BOLTON NHS FOUNDATION TRUST,Y54,NORTH OF ENGLAND COMMISSIONING REGION,Q46,GREATER MANCHESTER AREA TEAM
RMP,TAMESIDE HOSPITAL NHS FOUNDATION TRUST,Y54,NORTH OF ENGLAND COMMISSIONING REGION,Q46,GREATER MANCHESTER AREA TEAM
RMY,NORFOLK AND SUFFOLK NHS FOUNDATION TRUST,Y55,MIDLANDS AND EAST OF ENGLAND COMMISSIONING REGION,Q56,EAST ANGLIA AREA TEAM
RN3,GREAT WESTERN HOSPITALS NHS FOUNDATION TRUST,Y57,SOUTH OF ENGLAND COMMISSIONING REGION,Q64,"BATH, GLOUCESTERSHIRE, SWINDON AND WILTSHIRE AREA TEAM"
RN5,HAMPSHIRE HOSPITALS NHS FOUNDATION TRUST,Y57,SOUTH OF ENGLAND COMMISSIONING REGION,Q70,WESSEX AREA TEAM
RN7,DARTFORD AND GRAVESHAM NHS TRUST,Y57,SOUTH OF ENGLAND COMMISSIONING REGION,Q67,KENT AND MEDWAY AREA TEAM
RNA,THE DUDLEY GROUP NHS FOUNDATION TRUST,Y55,MIDLANDS AND EAST OF ENGLAND COMMISSIONING REGION,Q54,BIRMINGHAM AND THE BLACK COUNTRY AREA TEAM
RNK,TAVISTOCK AND PORTMAN NHS FOUNDATION TRUST,Y56,LONDON COMMISSIONING REGION,Q71,LONDON AREA TEAM
RNL,NORTH CUMBRIA UNIVERSITY HOSPITALS NHS TRUST,Y54,NORTH OF ENGLAND COMMISSIONING REGION,Q49,"CUMBRIA, NORTHUMBERLAND, TYNE AND WEAR AREA TEAM"
RNN,CUMBRIA PARTNERSHIP NHS FOUNDATION TRUST,Y54,NORTH OF ENGLAND COMMISSIONING REGION,Q49,"CUMBRIA, NORTHUMBERLAND, TYNE AND WEAR AREA TEAM"
RNQ,KETTERING GENERAL HOSPITAL NHS FOUNDATION TRUST,Y55,MIDLANDS AND EAST OF ENGLAND COMMISSIONING REGION,Q58,HERTFORDSHIRE AND THE SOUTH MIDLANDS AREA TEAM
RNS,NORTHAMPTON GENERAL HOSPITAL NHS TRUST,Y55,MIDLANDS AND EAST OF ENGLAND COMMISSIONING REGION,Q58,HERTFORDSHIRE AND THE SOUTH MIDLANDS AREA TEAM
RNU,OXFORD HEALTH NHS FOUNDATION TRUST,Y57,SOUTH OF ENGLAND COMMISSIONING REGION,Q69,THAMES VALLEY AREA TEAM
RNZ,SALISBURY NHS FOUNDATION TRUST,Y57,SOUTH OF ENGLAND COMMISSIONING REGION,Q64,"BATH, GLOUCESTERSHIRE, SWINDON AND WILTSHIRE AREA TEAM"
RP1,NORTHAMPTONSHIRE HEALTHCARE NHS FOUNDATION TRUST,Y55,MIDLANDS AND EAST OF ENGLAND COMMISSIONING REGION,Q58,HERTFORDSHIRE AND THE SOUTH MIDLANDS AREA TEAM
RP4,GREAT ORMOND STREET HOSPITAL FOR CHILDREN NHS FOUNDATION TRUST,Y56,LONDON COMMISSIONING REGION,Q71,LONDON AREA TEAM
RP5,DONCASTER AND BASSETLAW HOSPITALS NHS FOUNDATION TRUST,Y54,NORTH OF ENGLAND COMMISSIONING REGION,Q51,SOUTH YORKSHIRE AND BASSETLAW AREA TEAM
RP6,MOORFIELDS EYE HOSPITAL NHS FOUNDATION TRUST,Y56,LONDON COMMISSIONING REGION,Q71,LONDON AREA TEAM
RP7,LINCOLNSHIRE PARTNERSHIP NHS FOUNDATION TRUST,Y55,MIDLANDS AND EAST OF ENGLAND COMMISSIONING REGION,Q59,LEICESTERSHIRE AND LINCOLNSHIRE AREA TEAM
RPA,MEDWAY NHS FOUNDATION TRUST,Y57,SOUTH OF ENGLAND COMMISSIONING REGION,Q67,KENT AND MEDWAY AREA TEAM
RPC,QUEEN VICTORIA HOSPITAL NHS FOUNDATION TRUST,Y57,SOUTH OF ENGLAND COMMISSIONING REGION,Q68,SURREY AND SUSSEX AREA TEAM
RPG,OXLEAS NHS FOUNDATION TRUST,Y56,LONDON COMMISSIONING REGION,Q71,LONDON AREA TEAM
RPY,THE ROYAL MARSDEN NHS FOUNDATION TRUST,Y56,LONDON COMMISSIONING REGION,Q71,LONDON AREA TEAM
RQ3,BIRMINGHAM CHILDREN'S HOSPITAL NHS FOUNDATION TRUST,Y55,MIDLANDS AND EAST OF ENGLAND COMMISSIONING REGION,Q54,BIRMINGHAM AND THE BLACK COUNTRY AREA TEAM
RQ6,ROYAL LIVERPOOL AND BROADGREEN UNIVERSITY HOSPITALS NHS TRUST,Y54,NORTH OF ENGLAND COMMISSIONING REGION,Q48,MERSEYSIDE AREA TEAM
RQ8,MID ESSEX HOSPITAL SERVICES NHS TRUST,Y55,MIDLANDS AND EAST OF ENGLAND COMMISSIONING REGION,Q57,ESSEX AREA TEAM
RQF,VELINDRE NHS TRUST,W00,HEALTH SOLUTIONS WALES,Q99,#N/A
RQM,CHELSEA AND WESTMINSTER HOSPITAL NHS FOUNDATION TRUST,Y56,LONDON COMMISSIONING REGION,Q71,LONDON AREA TEAM
RQQ,HINCHINGBROOKE HEALTH CARE NHS TRUST,Y55,MIDLANDS AND EAST OF ENGLAND COMMISSIONING REGION,Q56,EAST ANGLIA AREA TEAM
RQW,THE PRINCESS ALEXANDRA HOSPITAL NHS TRUST,Y55,MIDLANDS AND EAST OF ENGLAND COMMISSIONING REGION,Q57,ESSEX AREA TEAM
RQX,HOMERTON UNIVERSITY HOSPITAL NHS FOUNDATION TRUST,Y56,LONDON COMMISSIONING REGION,Q71,LONDON AREA TEAM
RQY,SOUTH WEST LONDON AND ST GEORGE'S MENTAL HEALTH NHS TRUST,Y56,LONDON COMMISSIONING REGION,Q71,LONDON AREA TEAM
RR1,HEART OF ENGLAND NHS FOUNDATION TRUST,Y55,MIDLANDS AND EAST OF ENGLAND COMMISSIONING REGION,Q54,BIRMINGHAM AND THE BLACK COUNTRY AREA TEAM
RR7,GATESHEAD HEALTH NHS FOUNDATION TRUST,Y54,NORTH OF ENGLAND COMMISSIONING REGION,Q49,"CUMBRIA, NORTHUMBERLAND, TYNE AND WEAR AREA TEAM"
RR8,LEEDS TEACHING HOSPITALS NHS TRUST,Y54,NORTH OF ENGLAND COMMISSIONING REGION,Q52,WEST YORKSHIRE AREA TEAM
RRD,NORTH ESSEX PARTNERSHIP UNIVERSITY NHS FOUNDATION TRUST,Y55,MIDLANDS AND EAST OF ENGLAND COMMISSIONING REGION,Q57,ESSEX AREA TEAM
RRE,SOUTH STAFFORDSHIRE AND SHROPSHIRE HEALTHCARE NHS FOUNDATION TRUST,Y55,MIDLANDS AND EAST OF ENGLAND COMMISSIONING REGION,Q60,SHROPSHIRE AND STAFFORDSHIRE AREA TEAM
RRF,"WRIGHTINGTON, WIGAN AND LEIGH NHS FOUNDATION TRUST",Y54,NORTH OF ENGLAND COMMISSIONING REGION,Q46,GREATER MANCHESTER AREA TEAM
RRJ,THE ROYAL ORTHOPAEDIC HOSPITAL NHS FOUNDATION TRUST,Y55,MIDLANDS AND EAST OF ENGLAND COMMISSIONING REGION,Q54,BIRMINGHAM AND THE BLACK COUNTRY AREA TEAM
RRK,UNIVERSITY HOSPITALS BIRMINGHAM NHS FOUNDATION TRUST,Y55,MIDLANDS AND EAST OF ENGLAND COMMISSIONING REGION,Q54,BIRMINGHAM AND THE BLACK COUNTRY AREA TEAM
RRP,"BARNET, ENFIELD AND HARINGEY MENTAL HEALTH NHS TRUST",Y56,LONDON COMMISSIONING REGION,Q71,LONDON AREA TEAM
RRU,LONDON AMBULANCE SERVICE NHS TRUST,Y56,LONDON COMMISSIONING REGION,Q71,LONDON AREA TEAM
RRV,UNIVERSITY COLLEGE LONDON HOSPITALS NHS FOUNDATION TRUST,Y56,LONDON COMMISSIONING REGION,Q71,LONDON AREA TEAM
RT1,CAMBRIDGESHIRE AND PETERBOROUGH NHS FOUNDATION TRUST,Y55,MIDLANDS AND EAST OF ENGLAND COMMISSIONING REGION,Q56,EAST ANGLIA AREA TEAM
RT2,PENNINE CARE NHS FOUNDATION TRUST,Y54,NORTH OF ENGLAND COMMISSIONING REGION,Q46,GREATER MANCHESTER AREA TEAM
RT3,ROYAL BROMPTON & HAREFIELD NHS FOUNDATION TRUST,Y56,LONDON COMMISSIONING REGION,Q71,LONDON AREA TEAM
RT4,WELSH AMBULANCE SERVICES NHS TRUST,W00,HEALTH SOLUTIONS WALES,Q99,#N/A
RT5,LEICESTERSHIRE PARTNERSHIP NHS TRUST,Y55,MIDLANDS AND EAST OF ENGLAND COMMISSIONING REGION,Q59,LEICESTERSHIRE AND LINCOLNSHIRE AREA TEAM
RTD,THE NEWCASTLE UPON TYNE HOSPITALS NHS FOUNDATION TRUST,Y54,NORTH OF ENGLAND COMMISSIONING REGION,Q49,"CUMBRIA, NORTHUMBERLAND, TYNE AND WEAR AREA TEAM"
RTE,GLOUCESTERSHIRE HOSPITALS NHS FOUNDATION TRUST,Y57,SOUTH OF ENGLAND COMMISSIONING REGION,Q64,"BATH, GLOUCESTERSHIRE, SWINDON AND WILTSHIRE AREA TEAM"
RTF,NORTHUMBRIA HEALTHCARE NHS FOUNDATION TRUST,Y54,NORTH OF ENGLAND COMMISSIONING REGION,Q49,"CUMBRIA, NORTHUMBERLAND, TYNE AND WEAR AREA TEAM"
RTG,DERBY HOSPITALS NHS FOUNDATION TRUST,Y55,MIDLANDS AND EAST OF ENGLAND COMMISSIONING REGION,Q55,DERBYSHIRE AND NOTTINGHAMSHIRE AREA TEAM
RTH,OXFORD UNIVERSITY HOSPITALS NHS TRUST,Y57,SOUTH OF ENGLAND COMMISSIONING REGION,Q69,THAMES VALLEY AREA TEAM
RTK,ASHFORD AND ST. PETER'S HOSPITALS NHS FOUNDATION TRUST,Y57,SOUTH OF ENGLAND COMMISSIONING REGION,Q68,SURREY AND SUSSEX AREA TEAM
RTP,SURREY AND SUSSEX HEALTHCARE NHS TRUST,Y57,SOUTH OF ENGLAND COMMISSIONING REGION,Q68,SURREY AND SUSSEX AREA TEAM
RTQ,2GETHER NHS FOUNDATION TRUST,Y57,SOUTH OF ENGLAND COMMISSIONING REGION,Q64,"BATH, GLOUCESTERSHIRE, SWINDON AND WILTSHIRE AREA TEAM"
RTR,SOUTH TEES HOSPITALS NHS FOUNDATION TRUST,Y54,NORTH OF ENGLAND COMMISSIONING REGION,Q45,"DURHAM, DARLINGTON AND TEES AREA TEAM"
RTV,5 BOROUGHS PARTNERSHIP NHS FOUNDATION TRUST,Y54,NORTH OF ENGLAND COMMISSIONING REGION,Q44,"CHESHIRE, WARRINGTON AND WIRRAL AREA TEAM"
RTX,UNIVERSITY HOSPITALS OF MORECAMBE BAY NHS FOUNDATION TRUST,Y54,NORTH OF ENGLAND COMMISSIONING REGION,Q49,"CUMBRIA, NORTHUMBERLAND, TYNE AND WEAR AREA TEAM"
RV3,CENTRAL AND NORTH WEST LONDON NHS FOUNDATION TRUST,Y56,LONDON COMMISSIONING REGION,Q71,LONDON AREA TEAM
RV5,SOUTH LONDON AND MAUDSLEY NHS FOUNDATION TRUST,Y56,LONDON COMMISSIONING REGION,Q71,LONDON AREA TEAM
RV8,NORTH WEST LONDON HOSPITALS NHS TRUST,Y56,LONDON COMMISSIONING REGION,Q71,LONDON AREA TEAM
RV9,HUMBER NHS FOUNDATION TRUST,Y54,NORTH OF ENGLAND COMMISSIONING REGION,Q50,NORTH YORKSHIRE AND HUMBER AREA TEAM
RVJ,NORTH BRISTOL NHS TRUST,Y57,SOUTH OF ENGLAND COMMISSIONING REGION,Q65,"BRISTOL, NORTH SOMERSET, SOMERSET AND SOUTH GLOUCESTERSHIRE AREA TEAM"
RVL,BARNET AND CHASE FARM HOSPITALS NHS TRUST,Y56,LONDON COMMISSIONING REGION,Q71,LONDON AREA TEAM
RVN,AVON AND WILTSHIRE MENTAL HEALTH PARTNERSHIP NHS TRUST,Y57,SOUTH OF ENGLAND COMMISSIONING REGION,Q64,"BATH, GLOUCESTERSHIRE, SWINDON AND WILTSHIRE AREA TEAM"
RVR,EPSOM AND ST HELIER UNIVERSITY HOSPITALS NHS TRUST,Y56,LONDON COMMISSIONING REGION,Q71,LONDON AREA TEAM
RVV,EAST KENT HOSPITALS UNIVERSITY NHS FOUNDATION TRUST,Y57,SOUTH OF ENGLAND COMMISSIONING REGION,Q67,KENT AND MEDWAY AREA TEAM
RVW,NORTH TEES AND HARTLEPOOL NHS FOUNDATION TRUST,Y54,NORTH OF ENGLAND COMMISSIONING REGION,Q45,"DURHAM, DARLINGTON AND TEES AREA TEAM"
RVY,SOUTHPORT AND ORMSKIRK HOSPITAL NHS TRUST,Y54,NORTH OF ENGLAND COMMISSIONING REGION,Q48,MERSEYSIDE AREA TEAM
RW1,SOUTHERN HEALTH NHS FOUNDATION TRUST,Y57,SOUTH OF ENGLAND COMMISSIONING REGION,Q70,WESSEX AREA TEAM
RW3,CENTRAL MANCHESTER UNIVERSITY HOSPITALS NHS FOUNDATION TRUST,Y54,NORTH OF ENGLAND COMMISSIONING REGION,Q46,GREATER MANCHESTER AREA TEAM
RW4,MERSEY CARE NHS TRUST,Y54,NORTH OF ENGLAND COMMISSIONING REGION,Q48,MERSEYSIDE AREA TEAM
RW5,LANCASHIRE CARE NHS FOUNDATION TRUST,Y54,NORTH OF ENGLAND COMMISSIONING REGION,Q47,LANCASHIRE AREA TEAM
RW6,PENNINE ACUTE HOSPITALS NHS TRUST,Y54,NORTH OF ENGLAND COMMISSIONING REGION,Q46,GREATER MANCHESTER AREA TEAM
RWA,HULL AND EAST YORKSHIRE HOSPITALS NHS TRUST,Y54,NORTH OF ENGLAND COMMISSIONING REGION,Q50,NORTH YORKSHIRE AND HUMBER AREA TEAM
RWD,UNITED LINCOLNSHIRE HOSPITALS NHS TRUST,Y55,MIDLANDS AND EAST OF ENGLAND COMMISSIONING REGION,Q59,LEICESTERSHIRE AND LINCOLNSHIRE AREA TEAM
RWE,UNIVERSITY HOSPITALS OF LEICESTER NHS TRUST,Y55,MIDLANDS AND EAST OF ENGLAND COMMISSIONING REGION,Q59,LEICESTERSHIRE AND LINCOLNSHIRE AREA TEAM
RWF,MAIDSTONE AND TUNBRIDGE WELLS NHS TRUST,Y57,SOUTH OF ENGLAND COMMISSIONING REGION,Q67,KENT AND MEDWAY AREA TEAM
RWG,WEST HERTFORDSHIRE HOSPITALS NHS TRUST,Y55,MIDLANDS AND EAST OF ENGLAND COMMISSIONING REGION,Q58,HERTFORDSHIRE AND THE SOUTH MIDLANDS AREA TEAM
RWH,EAST AND NORTH HERTFORDSHIRE NHS TRUST,Y55,MIDLANDS AND EAST OF ENGLAND COMMISSIONING REGION,Q58,HERTFORDSHIRE AND THE SOUTH MIDLANDS AREA TEAM
RWJ,STOCKPORT NHS FOUNDATION TRUST,Y54,NORTH OF ENGLAND COMMISSIONING REGION,Q46,GREATER MANCHESTER AREA TEAM
RWK,EAST LONDON NHS FOUNDATION TRUST,Y56,LONDON COMMISSIONING REGION,Q71,LONDON AREA TEAM
RWN,SOUTH ESSEX PARTNERSHIP UNIVERSITY NHS FOUNDATION TRUST,Y55,MIDLANDS AND EAST OF ENGLAND COMMISSIONING REGION,Q57,ESSEX AREA TEAM
RWP,WORCESTERSHIRE ACUTE HOSPITALS NHS TRUST,Y55,MIDLANDS AND EAST OF ENGLAND COMMISSIONING REGION,Q53,"ARDEN, HEREFORDSHIRE AND WORCESTERSHIRE AREA TEAM"
RWR,HERTFORDSHIRE PARTNERSHIP UNIVERSITY NHS FOUNDATION TRUST,Y55,MIDLANDS AND EAST OF ENGLAND COMMISSIONING REGION,Q58,HERTFORDSHIRE AND THE SOUTH MIDLANDS AREA TEAM
RWV,DEVON PARTNERSHIP NHS TRUST,Y57,SOUTH OF ENGLAND COMMISSIONING REGION,Q66,"DEVON, CORNWALL AND ISLES OF SCILLY AREA TEAM"
RWW,WARRINGTON AND HALTON HOSPITALS NHS FOUNDATION TRUST,Y54,NORTH OF ENGLAND COMMISSIONING REGION,Q44,"CHESHIRE, WARRINGTON AND WIRRAL AREA TEAM"
RWX,BERKSHIRE HEALTHCARE NHS FOUNDATION TRUST,Y57,SOUTH OF ENGLAND COMMISSIONING REGION,Q69,THAMES VALLEY AREA TEAM
RWY,CALDERDALE AND HUDDERSFIELD NHS FOUNDATION TRUST,Y54,NORTH OF ENGLAND COMMISSIONING REGION,Q52,WEST YORKSHIRE AREA TEAM
RX1,NOTTINGHAM UNIVERSITY HOSPITALS NHS TRUST,Y55,MIDLANDS AND EAST OF ENGLAND COMMISSIONING REGION,Q55,DERBYSHIRE AND NOTTINGHAMSHIRE AREA TEAM
RX2,SUSSEX PARTNERSHIP NHS FOUNDATION TRUST,Y57,SOUTH OF ENGLAND COMMISSIONING REGION,Q68,SURREY AND SUSSEX AREA TEAM
RX3,"TEES, ESK AND WEAR VALLEYS NHS FOUNDATION TRUST",Y54,NORTH OF ENGLAND COMMISSIONING REGION,Q45,"DURHAM, DARLINGTON AND TEES AREA TEAM"
RX4,"NORTHUMBERLAND, TYNE AND WEAR NHS FOUNDATION TRUST",Y54,NORTH OF ENGLAND COMMISSIONING REGION,Q49,"CUMBRIA, NORTHUMBERLAND, TYNE AND WEAR AREA TEAM"
RX5,GREAT WESTERN AMBULANCE SERVICE NHS TRUST,Y52,THE SOUTHERN PROGRAMME FOR IT (SPFIT),Q39,SOUTH WEST STRATEGIC HEALTH AUTHORITY
RX6,NORTH EAST AMBULANCE SERVICE NHS FOUNDATION TRUST,Y54,NORTH OF ENGLAND COMMISSIONING REGION,Q49,"CUMBRIA, NORTHUMBERLAND, TYNE AND WEAR AREA TEAM"
RX7,NORTH WEST AMBULANCE SERVICE NHS TRUST,Y54,NORTH OF ENGLAND COMMISSIONING REGION,Q46,GREATER MANCHESTER AREA TEAM
RX8,YORKSHIRE AMBULANCE SERVICE NHS TRUST,Y54,NORTH OF ENGLAND COMMISSIONING REGION,Q52,WEST YORKSHIRE AREA TEAM
RX9,EAST MIDLANDS AMBULANCE SERVICE NHS TRUST,Y55,MIDLANDS AND EAST OF ENGLAND COMMISSIONING REGION,Q55,DERBYSHIRE AND NOTTINGHAMSHIRE AREA TEAM
RXA,CHESHIRE AND WIRRAL PARTNERSHIP NHS FOUNDATION TRUST,Y54,NORTH OF ENGLAND COMMISSIONING REGION,Q44,"CHESHIRE, WARRINGTON AND WIRRAL AREA TEAM"
RXC,EAST SUSSEX HEALTHCARE NHS TRUST,Y57,SOUTH OF ENGLAND COMMISSIONING REGION,Q68,SURREY AND SUSSEX AREA TEAM
RXE,ROTHERHAM DONCASTER AND SOUTH HUMBER NHS FOUNDATION TRUST,Y54,NORTH OF ENGLAND COMMISSIONING REGION,Q51,SOUTH YORKSHIRE AND BASSETLAW AREA TEAM
RXF,MID YORKSHIRE HOSPITALS NHS TRUST,Y54,NORTH OF ENGLAND COMMISSIONING REGION,Q52,WEST YORKSHIRE AREA TEAM
RXG,SOUTH WEST YORKSHIRE PARTNERSHIP NHS FOUNDATION TRUST,Y54,NORTH OF ENGLAND COMMISSIONING REGION,Q52,WEST YORKSHIRE AREA TEAM
RXH,BRIGHTON AND SUSSEX UNIVERSITY HOSPITALS NHS TRUST,Y57,SOUTH OF ENGLAND COMMISSIONING REGION,Q68,SURREY AND SUSSEX AREA TEAM
RXK,SANDWELL AND WEST BIRMINGHAM HOSPITALS NHS TRUST,Y55,MIDLANDS AND EAST OF ENGLAND COMMISSIONING REGION,Q54,BIRMINGHAM AND THE BLACK COUNTRY AREA TEAM
RXL,BLACKPOOL TEACHING HOSPITALS NHS FOUNDATION TRUST,Y54,NORTH OF ENGLAND COMMISSIONING REGION,Q47,LANCASHIRE AREA TEAM
RXM,DERBYSHIRE HEALTHCARE NHS FOUNDATION TRUST,Y55,MIDLANDS AND EAST OF ENGLAND COMMISSIONING REGION,Q55,DERBYSHIRE AND NOTTINGHAMSHIRE AREA TEAM
RXN,LANCASHIRE TEACHING HOSPITALS NHS FOUNDATION TRUST,Y54,NORTH OF ENGLAND COMMISSIONING REGION,Q47,LANCASHIRE AREA TEAM
RXP,COUNTY DURHAM AND DARLINGTON NHS FOUNDATION TRUST,Y54,NORTH OF ENGLAND COMMISSIONING REGION,Q45,"DURHAM, DARLINGTON AND TEES AREA TEAM"
RXQ,BUCKINGHAMSHIRE HEALTHCARE NHS TRUST,Y57,SOUTH OF ENGLAND COMMISSIONING REGION,Q69,THAMES VALLEY AREA TEAM
RXR,EAST LANCASHIRE HOSPITALS NHS TRUST,Y54,NORTH OF ENGLAND COMMISSIONING REGION,Q47,LANCASHIRE AREA TEAM
RXT,BIRMINGHAM AND SOLIHULL MENTAL HEALTH NHS FOUNDATION TRUST,Y55,MIDLANDS AND EAST OF ENGLAND COMMISSIONING REGION,Q54,BIRMINGHAM AND THE BLACK COUNTRY AREA TEAM
RXV,GREATER MANCHESTER WEST MENTAL HEALTH NHS FOUNDATION TRUST,Y54,NORTH OF ENGLAND COMMISSIONING REGION,Q46,GREATER MANCHESTER AREA TEAM
RXW,SHREWSBURY AND TELFORD HOSPITAL NHS TRUST,Y55,MIDLANDS AND EAST OF ENGLAND COMMISSIONING REGION,Q60,SHROPSHIRE AND STAFFORDSHIRE AREA TEAM
RXX,SURREY AND BORDERS PARTNERSHIP NHS FOUNDATION TRUST,Y57,SOUTH OF ENGLAND COMMISSIONING REGION,Q68,SURREY AND SUSSEX AREA TEAM
RXY,KENT AND MEDWAY NHS AND SOCIAL CARE PARTNERSHIP TRUST,Y57,SOUTH OF ENGLAND COMMISSIONING REGION,Q67,KENT AND MEDWAY AREA TEAM
RY1,LIVERPOOL COMMUNITY HEALTH NHS TRUST,Y54,NORTH OF ENGLAND COMMISSIONING REGION,Q48,MERSEYSIDE AREA TEAM
RY2,BRIDGEWATER COMMUNITY HEALTHCARE NHS TRUST,Y54,NORTH OF ENGLAND COMMISSIONING REGION,Q46,GREATER MANCHESTER AREA TEAM
RY3,NORFOLK COMMUNITY HEALTH AND CARE NHS TRUST,Y55,MIDLANDS AND EAST OF ENGLAND COMMISSIONING REGION,Q56,EAST ANGLIA AREA TEAM
RY4,HERTFORDSHIRE COMMUNITY NHS TRUST,Y55,MIDLANDS AND EAST OF ENGLAND COMMISSIONING REGION,Q58,HERTFORDSHIRE AND THE SOUTH MIDLANDS AREA TEAM
RY5,LINCOLNSHIRE COMMUNITY HEALTH SERVICES NHS TRUST,Y55,MIDLANDS AND EAST OF ENGLAND COMMISSIONING REGION,Q59,LEICESTERSHIRE AND LINCOLNSHIRE AREA TEAM
RY6,LEEDS COMMUNITY HEALTHCARE NHS TRUST,Y54,NORTH OF ENGLAND COMMISSIONING REGION,Q52,WEST YORKSHIRE AREA TEAM
RY7,WIRRAL COMMUNITY NHS TRUST,Y54,NORTH OF ENGLAND COMMISSIONING REGION,Q44,"CHESHIRE, WARRINGTON AND WIRRAL AREA TEAM"
RY8,DERBYSHIRE COMMUNITY HEALTH SERVICES NHS TRUST,Y55,MIDLANDS AND EAST OF ENGLAND COMMISSIONING REGION,Q55,DERBYSHIRE AND NOTTINGHAMSHIRE AREA TEAM
RY9,HOUNSLOW AND RICHMOND COMMUNITY HEALTHCARE NHS TRUST,Y56,LONDON COMMISSIONING REGION,Q71,LONDON AREA TEAM
RYA,WEST MIDLANDS AMBULANCE SERVICE NHS FOUNDATION TRUST,Y55,MIDLANDS AND EAST OF ENGLAND COMMISSIONING REGION,Q54,BIRMINGHAM AND THE BLACK COUNTRY AREA TEAM
RYC,EAST OF ENGLAND AMBULANCE SERVICE NHS TRUST,Y55,MIDLANDS AND EAST OF ENGLAND COMMISSIONING REGION,Q56,EAST ANGLIA AREA TEAM
RYD,SOUTH EAST COAST AMBULANCE SERVICE NHS FOUNDATION TRUST,Y57,SOUTH OF ENGLAND COMMISSIONING REGION,Q68,SURREY AND SUSSEX AREA TEAM
RYE,SOUTH CENTRAL AMBULANCE SERVICE NHS FOUNDATION TRUST,Y57,SOUTH OF ENGLAND COMMISSIONING REGION,Q69,THAMES VALLEY AREA TEAM
RYF,SOUTH WESTERN AMBULANCE SERVICE NHS FOUNDATION TRUST,Y57,SOUTH OF ENGLAND COMMISSIONING REGION,Q66,"DEVON, CORNWALL AND ISLES OF SCILLY AREA TEAM"
RYG,COVENTRY AND WARWICKSHIRE PARTNERSHIP NHS TRUST,Y55,MIDLANDS AND EAST OF ENGLAND COMMISSIONING REGION,Q53,"ARDEN, HEREFORDSHIRE AND WORCESTERSHIRE AREA TEAM"
RYH,NHS DIRECT NHS TRUST,Y56,LONDON COMMISSIONING REGION,Q71,LONDON AREA TEAM
RYJ,IMPERIAL COLLEGE HEALTHCARE NHS TRUST,Y56,LONDON COMMISSIONING REGION,Q71,LONDON AREA TEAM
RYK,DUDLEY AND WALSALL MENTAL HEALTH PARTNERSHIP NHS TRUST,Y55,MIDLANDS AND EAST OF ENGLAND COMMISSIONING REGION,Q54,BIRMINGHAM AND THE BLACK COUNTRY AREA TEAM
RYQ,SOUTH LONDON HEALTHCARE NHS TRUST,Y56,LONDON COMMISSIONING REGION,Q71,LONDON AREA TEAM
RYR,WESTERN SUSSEX HOSPITALS NHS FOUNDATION TRUST,Y57,SOUTH OF ENGLAND COMMISSIONING REGION,Q68,SURREY AND SUSSEX AREA TEAM
RYT,PUBLIC HEALTH WALES NHS TRUST,W00,HEALTH SOLUTIONS WALES,Q99,#N/A
RYV,CAMBRIDGESHIRE COMMUNITY SERVICES NHS TRUST,Y55,MIDLANDS AND EAST OF ENGLAND COMMISSIONING REGION,Q56,EAST ANGLIA AREA TEAM
RYW,BIRMINGHAM COMMUNITY HEALTHCARE NHS TRUST,Y55,MIDLANDS AND EAST OF ENGLAND COMMISSIONING REGION,Q54,BIRMINGHAM AND THE BLACK COUNTRY AREA TEAM
RYX,CENTRAL LONDON COMMUNITY HEALTHCARE NHS TRUST,Y56,LONDON COMMISSIONING REGION,Q71,LONDON AREA TEAM
RYY,KENT COMMUNITY HEALTH NHS TRUST,Y57,SOUTH OF ENGLAND COMMISSIONING REGION,Q67,KENT AND MEDWAY AREA TEAM
04X,Birmingham South Central CCG,ZZZ,MIDLANDS AND EAST OF ENGLAND COMMISSIONING REGION,ZZZ,